Unnamed: 0,81
turker,T_6468097
adjective,relative
response,8800
mean,8710
onestdev,80
respdev,1.125
had_negative,noNog
logrespdev,0.117783035656
101
T_3983240
relative
3523
3390
480
0.277083333333
noNog
-1.28343697568
